{
  "video_path": "sample/sample.mp4",
  "num_digits": 3,
  "sampling_sec": 2,
  "num_frames": 10,
  "video_skip_sec": 0,
  "format": "json",
  "save_frame": true,
  "click_points": [
    [
      142.22222222222223,
      595.437037037037
    ],
    [
      180.14814814814815,
      595.437037037037
    ],
    [
      178.25185185185185,
      616.2962962962963
    ],
    [
      138.42962962962963,
      616.2962962962963
    ]
  ],
  "threshold": 104
}